20-03-2026,1.038,87 EUR
19-03-2026,1.054,74 EUR
18-03-2026,1.068,51 EUR
17-03-2026,1.077,12 EUR
16-03-2026,1.076,99 EUR
13-03-2026,1.07,86 EUR
12-03-2026,1.077,31 EUR
11-03-2026,1.087,61 EUR
10-03-2026,1.086,64 EUR
09-03-2026,1.085,18 EUR
06-03-2026,1.084,65 EUR
05-03-2026,1.094,65 EUR
04-03-2026,1.104,12 EUR
03-03-2026,1.099,28 EUR
02-03-2026,1.111,26 EUR
27-02-2026,1.115,00 EUR
26-02-2026,1.118,65 EUR
25-02-2026,1.12,64 EUR
24-02-2026,1.109,15 EUR
23-02-2026,1.101,01 EUR
20-02-2026,1.112,21 EUR
19-02-2026,1.104,19 EUR
18-02-2026,1.106,42 EUR
17-02-2026,1.094,19 EUR
16-02-2026,1.089,05 EUR
13-02-2026,1.09,47 EUR
12-02-2026,1.088,82 EUR
11-02-2026,1.105,04 EUR
10-02-2026,1.108,58 EUR
09-02-2026,1.107,27 EUR
06-02-2026,1.106,51 EUR
05-02-2026,1.099,29 EUR
04-02-2026,1.111,09 EUR
03-02-2026,1.11,42 EUR
02-02-2026,1.134,84 EUR
30-01-2026,1.124,03 EUR
29-01-2026,1.124,62 EUR
28-01-2026,1.134,49 EUR
27-01-2026,1.136,73 EUR
26-01-2026,1.14,67 EUR
23-01-2026,1.146,23 EUR
22-01-2026,1.147,65 EUR
21-01-2026,1.142,87 EUR
20-01-2026,1.135,73 EUR
19-01-2026,1.154,88 EUR
16-01-2026,1.166,64 EUR
15-01-2026,1.167,57 EUR
14-01-2026,1.159,40 EUR
13-01-2026,1.167,26 EUR
12-01-2026,1.171,62 EUR
09-01-2026,1.174,55 EUR
08-01-2026,1.161,91 EUR
07-01-2026,1.165,77 EUR
06-01-2026,1.16,91 EUR
05-01-2026,1.148,49 EUR
02-01-2026,1.129,98 EUR
31-12-2025,1.13,17 EUR
30-12-2025,1.133,97 EUR
29-12-2025,1.132,42 EUR
23-12-2025,1.129,74 EUR
22-12-2025,1.126,27 EUR
19-12-2025,1.124,09 EUR
18-12-2025,1.117,20 EUR
17-12-2025,1.105,37 EUR
16-12-2025,1.114,68 EUR
15-12-2025,1.118,31 EUR
12-12-2025,1.117,21 EUR
11-12-2025,1.124,46 EUR
10-12-2025,1.125,45 EUR
09-12-2025,1.123,71 EUR
08-12-2025,1.125,67 EUR
05-12-2025,1.13,43 EUR
04-12-2025,1.126,39 EUR
03-12-2025,1.125,39 EUR
02-12-2025,1.126,62 EUR
01-12-2025,1.125,46 EUR
28-11-2025,1.127,27 EUR
27-11-2025,1.124,69 EUR
26-11-2025,1.124,31 EUR
25-11-2025,1.119,07 EUR
24-11-2025,1.112,43 EUR
21-11-2025,1.105,33 EUR
20-11-2025,1.099,10 EUR
19-11-2025,1.104,38 EUR
18-11-2025,1.097,89 EUR
17-11-2025,1.111,69 EUR
14-11-2025,1.122,06 EUR
13-11-2025,1.126,38 EUR
12-11-2025,1.141,81 EUR
11-11-2025,1.138,91 EUR
10-11-2025,1.13,31 EUR
07-11-2025,1.113,85 EUR
06-11-2025,1.121,49 EUR
05-11-2025,1.139,36 EUR
04-11-2025,1.139,29 EUR
03-11-2025,1.146,46 EUR
31-10-2025,1.145,38 EUR
30-10-2025,1.144,80 EUR
29-10-2025,1.14,13 EUR
28-10-2025,1.143,63 EUR
27-10-2025,1.144,31 EUR
24-10-2025,1.137,54 EUR
23-10-2025,1.133,18 EUR
22-10-2025,1.128,48 EUR
21-10-2025,1.132,95 EUR
20-10-2025,1.122,41 EUR
17-10-2025,1.107,75 EUR
16-10-2025,1.108,16 EUR
15-10-2025,1.11,69 EUR
14-10-2025,1.104,45 EUR
13-10-2025,1.112,05 EUR
10-10-2025,1.1,82 EUR
09-10-2025,1.126,02 EUR
08-10-2025,1.128,83 EUR
07-10-2025,1.118,59 EUR
06-10-2025,1.12,43 EUR
03-10-2025,1.115,65 EUR
02-10-2025,1.113,36 EUR
01-10-2025,1.101,51 EUR
30-09-2025,1.094,17 EUR
29-09-2025,1.089,93 EUR
26-09-2025,1.088,85 EUR
25-09-2025,1.086,70 EUR
24-09-2025,1.088,00 EUR
23-09-2025,1.093,47 EUR
22-09-2025,1.098,54 EUR
19-09-2025,1.095,54 EUR
18-09-2025,1.094,94 EUR
17-09-2025,1.077,59 EUR
16-09-2025,1.073,95 EUR
15-09-2025,1.082,75 EUR
12-09-2025,1.078,37 EUR
11-09-2025,1.08,76 EUR
10-09-2025,1.071,11 EUR
09-09-2025,1.085,92 EUR
08-09-2025,1.086,12 EUR
05-09-2025,1.078,82 EUR
04-09-2025,1.084,05 EUR
03-09-2025,1.075,75 EUR
02-09-2025,1.067,58 EUR
01-09-2025,1.079,01 EUR
29-08-2025,1.078,39 EUR
28-08-2025,1.088,76 EUR
27-08-2025,1.09,39 EUR
26-08-2025,1.082,85 EUR
25-08-2025,1.08,06 EUR
22-08-2025,1.084,55 EUR
21-08-2025,1.074,58 EUR
20-08-2025,1.078,73 EUR
19-08-2025,1.08,10 EUR
18-08-2025,1.077,04 EUR
14-08-2025,1.079,03 EUR
13-08-2025,1.072,37 EUR
12-08-2025,1.07,10 EUR
11-08-2025,1.066,53 EUR
08-08-2025,1.068,62 EUR
07-08-2025,1.064,64 EUR
06-08-2025,1.062,35 EUR
05-08-2025,1.066,71 EUR
04-08-2025,1.072,58 EUR
01-08-2025,1.063,60 EUR
31-07-2025,1.09,33 EUR
30-07-2025,1.1,48 EUR
29-07-2025,1.096,92 EUR
28-07-2025,1.092,41 EUR
25-07-2025,1.086,69 EUR
24-07-2025,1.082,43 EUR
23-07-2025,1.079,50 EUR
22-07-2025,1.072,48 EUR
21-07-2025,1.079,47 EUR
18-07-2025,1.081,10 EUR
17-07-2025,1.088,82 EUR
16-07-2025,1.077,32 EUR
15-07-2025,1.081,80 EUR
14-07-2025,1.077,06 EUR
11-07-2025,1.079,60 EUR
10-07-2025,1.089,84 EUR
09-07-2025,1.083,02 EUR
08-07-2025,1.078,27 EUR
07-07-2025,1.075,22 EUR
04-07-2025,1.075,68 EUR
03-07-2025,1.08,06 EUR
02-07-2025,1.071,97 EUR
01-07-2025,1.066,67 EUR
30-06-2025,1.069,88 EUR
27-06-2025,1.07,26 EUR
26-06-2025,1.058,39 EUR
25-06-2025,1.061,67 EUR
24-06-2025,1.061,12 EUR
20-06-2025,1.046,89 EUR
19-06-2025,1.052,82 EUR
18-06-2025,1.056,84 EUR
17-06-2025,1.063,50 EUR
16-06-2025,1.067,02 EUR
13-06-2025,1.061,62 EUR
12-06-2025,1.076,53 EUR
11-06-2025,1.084,87 EUR
10-06-2025,1.091,66 EUR
06-06-2025,1.088,69 EUR
05-06-2025,1.078,47 EUR
04-06-2025,1.079,39 EUR
03-06-2025,1.074,12 EUR
02-06-2025,1.068,29 EUR
30-05-2025,1.075,78 EUR
28-05-2025,1.077,69 EUR
27-05-2025,1.084,37 EUR
26-05-2025,1.067,92 EUR
23-05-2025,1.065,29 EUR
22-05-2025,1.078,78 EUR
21-05-2025,1.079,59 EUR
20-05-2025,1.094,49 EUR
19-05-2025,1.098,23 EUR
16-05-2025,1.102,21 EUR
15-05-2025,1.096,84 EUR
14-05-2025,1.091,63 EUR
13-05-2025,1.096,40 EUR
12-05-2025,1.088,11 EUR
08-05-2025,1.05,68 EUR
07-05-2025,1.039,38 EUR
06-05-2025,1.039,10 EUR
05-05-2025,1.047,54 EUR
02-05-2025,1.046,63 EUR
30-04-2025,1.026,60 EUR
29-04-2025,1.022,23 EUR
28-04-2025,1.018,29 EUR
25-04-2025,1.019,12 EUR
24-04-2025,1.012,53 EUR
23-04-2025,994,06 EUR
22-04-2025,972,69 EUR
17-04-2025,976,13 EUR
16-04-2025,977,02 EUR
15-04-2025,994,24 EUR
14-04-2025,987,97 EUR
11-04-2025,976,94 EUR
10-04-2025,973,27 EUR
09-04-2025,988,57 EUR
08-04-2025,956,16 EUR
07-04-2025,958,00 EUR
04-04-2025,969,34 EUR
03-04-2025,1.009,78 EUR
02-04-2025,1.065,13 EUR
01-04-2025,1.063,04 EUR
31-03-2025,1.058,83 EUR
28-03-2025,1.062,76 EUR
27-03-2025,1.082,73 EUR
26-03-2025,1.087,35 EUR
25-03-2025,1.1,31 EUR
24-03-2025,1.096,21 EUR
21-03-2025,1.083,87 EUR
20-03-2025,1.086,81 EUR
19-03-2025,1.088,66 EUR
18-03-2025,1.077,07 EUR
17-03-2025,1.082,60 EUR
14-03-2025,1.08,30 EUR
13-03-2025,1.062,51 EUR
12-03-2025,1.071,30 EUR
11-03-2025,1.064,90 EUR
10-03-2025,1.081,14 EUR
07-03-2025,1.108,26 EUR
06-03-2025,1.117,16 EUR
05-03-2025,1.136,39 EUR
04-03-2025,1.139,32 EUR
03-03-2025,1.162,38 EUR
28-02-2025,1.178,13 EUR
27-02-2025,1.17,35 EUR
26-02-2025,1.179,65 EUR
25-02-2025,1.177,90 EUR
24-02-2025,1.186,96 EUR
21-02-2025,1.194,50 EUR
20-02-2025,1.203,92 EUR
19-02-2025,1.21,41 EUR
18-02-2025,1.21,35 EUR
17-02-2025,1.206,72 EUR
14-02-2025,1.204,04 EUR
13-02-2025,1.211,33 EUR
12-02-2025,1.203,82 EUR
11-02-2025,1.212,48 EUR
10-02-2025,1.215,39 EUR
07-02-2025,1.203,39 EUR
06-02-2025,1.214,89 EUR
05-02-2025,1.206,20 EUR
04-02-2025,1.207,79 EUR
03-02-2025,1.207,88 EUR
31-01-2025,1.211,93 EUR
30-01-2025,1.212,32 EUR
29-01-2025,1.205,76 EUR
28-01-2025,1.213,45 EUR
27-01-2025,1.197,75 EUR
24-01-2025,1.211,43 EUR
23-01-2025,1.221,90 EUR
22-01-2025,1.219,17 EUR
21-01-2025,1.207,61 EUR
20-01-2025,1.196,67 EUR
17-01-2025,1.203,75 EUR
16-01-2025,1.193,92 EUR
15-01-2025,1.183,39 EUR
14-01-2025,1.164,27 EUR
13-01-2025,1.172,11 EUR
10-01-2025,1.172,90 EUR
09-01-2025,1.183,93 EUR
08-01-2025,1.181,45 EUR
07-01-2025,1.175,13 EUR
06-01-2025,1.181,71 EUR
03-01-2025,1.177,64 EUR
02-01-2025,1.173,27 EUR
31-12-2024,1.167,38 EUR
30-12-2024,1.166,55 EUR
27-12-2024,1.175,20 EUR
23-12-2024,1.175,99 EUR
20-12-2024,1.172,65 EUR
19-12-2024,1.171,18 EUR
18-12-2024,1.17,87 EUR
17-12-2024,1.188,78 EUR
16-12-2024,1.189,56 EUR
13-12-2024,1.187,81 EUR
12-12-2024,1.196,22 EUR
11-12-2024,1.201,91 EUR
10-12-2024,1.19,60 EUR
09-12-2024,1.191,26 EUR
06-12-2024,1.196,72 EUR
05-12-2024,1.189,33 EUR
04-12-2024,1.2,10 EUR
03-12-2024,1.189,68 EUR
02-12-2024,1.188,31 EUR
29-11-2024,1.173,36 EUR
28-11-2024,1.166,97 EUR
27-11-2024,1.165,41 EUR
26-11-2024,1.176,07 EUR
25-11-2024,1.172,35 EUR
22-11-2024,1.174,33 EUR
21-11-2024,1.161,27 EUR
20-11-2024,1.155,04 EUR
19-11-2024,1.151,84 EUR
18-11-2024,1.147,87 EUR
15-11-2024,1.149,28 EUR
14-11-2024,1.169,62 EUR
13-11-2024,1.169,29 EUR
12-11-2024,1.167,11 EUR
11-11-2024,1.169,90 EUR
08-11-2024,1.159,63 EUR
07-11-2024,1.158,93 EUR
06-11-2024,1.151,21 EUR
05-11-2024,1.128,38 EUR
04-11-2024,1.12,41 EUR
31-10-2024,1.115,51 EUR
30-10-2024,1.135,28 EUR
29-10-2024,1.147,15 EUR
28-10-2024,1.145,54 EUR
25-10-2024,1.142,67 EUR
24-10-2024,1.144,69 EUR
23-10-2024,1.147,34 EUR
22-10-2024,1.155,74 EUR
21-10-2024,1.157,34 EUR
18-10-2024,1.159,51 EUR
17-10-2024,1.151,79 EUR
16-10-2024,1.146,77 EUR
15-10-2024,1.149,11 EUR
14-10-2024,1.162,61 EUR
10-10-2024,1.149,48 EUR
09-10-2024,1.149,71 EUR
08-10-2024,1.142,61 EUR
07-10-2024,1.133,15 EUR
04-10-2024,1.14,78 EUR
03-10-2024,1.134,15 EUR
02-10-2024,1.139,37 EUR
01-10-2024,1.134,42 EUR
30-09-2024,1.14,02 EUR
27-09-2024,1.139,34 EUR
26-09-2024,1.138,05 EUR
25-09-2024,1.123,47 EUR
24-09-2024,1.122,84 EUR
23-09-2024,1.12,68 EUR
20-09-2024,1.116,66 EUR
19-09-2024,1.126,01 EUR
18-09-2024,1.107,75 EUR
17-09-2024,1.114,04 EUR
16-09-2024,1.113,30 EUR
13-09-2024,1.116,05 EUR
12-09-2024,1.113,93 EUR
11-09-2024,1.106,73 EUR
10-09-2024,1.097,98 EUR
09-09-2024,1.093,05 EUR
06-09-2024,1.077,50 EUR
05-09-2024,1.094,53 EUR
04-09-2024,1.102,75 EUR
03-09-2024,1.116,44 EUR
02-09-2024,1.134,76 EUR
30-08-2024,1.135,19 EUR
29-08-2024,1.129,02 EUR
28-08-2024,1.117,54 EUR
27-08-2024,1.12,35 EUR
26-08-2024,1.118,29 EUR
23-08-2024,1.122,56 EUR
22-08-2024,1.12,15 EUR
21-08-2024,1.126,64 EUR
20-08-2024,1.123,27 EUR
19-08-2024,1.126,64 EUR
16-08-2024,1.122,30 EUR
14-08-2024,1.101,56 EUR
13-08-2024,1.099,85 EUR
12-08-2024,1.087,97 EUR
09-08-2024,1.088,69 EUR
08-08-2024,1.083,52 EUR
07-08-2024,1.066,49 EUR
06-08-2024,1.064,01 EUR
05-08-2024,1.052,27 EUR
02-08-2024,1.083,79 EUR
01-08-2024,1.122,48 EUR
31-07-2024,1.133,48 EUR
30-07-2024,1.114,26 EUR
29-07-2024,1.116,10 EUR
26-07-2024,1.115,31 EUR
25-07-2024,1.106,16 EUR
24-07-2024,1.12,05 EUR
23-07-2024,1.143,45 EUR
22-07-2024,1.137,11 EUR
19-07-2024,1.122,70 EUR
18-07-2024,1.126,98 EUR
17-07-2024,1.136,50 EUR
16-07-2024,1.16,93 EUR
15-07-2024,1.158,84 EUR
12-07-2024,1.163,69 EUR
11-07-2024,1.156,92 EUR
10-07-2024,1.166,64 EUR
09-07-2024,1.158,90 EUR
08-07-2024,1.16,70 EUR
05-07-2024,1.164,42 EUR
04-07-2024,1.16,99 EUR
03-07-2024,1.159,88 EUR
02-07-2024,1.158,37 EUR
01-07-2024,1.155,77 EUR
28-06-2024,1.155,87 EUR
27-06-2024,1.166,24 EUR
26-06-2024,1.169,56 EUR
25-06-2024,1.167,11 EUR
24-06-2024,1.16,01 EUR
21-06-2024,1.167,97 EUR
20-06-2024,1.167,19 EUR
19-06-2024,1.165,92 EUR
18-06-2024,1.167,25 EUR
17-06-2024,1.162,66 EUR
14-06-2024,1.159,73 EUR
13-06-2024,1.154,24 EUR
12-06-2024,1.156,89 EUR
11-06-2024,1.153,52 EUR
10-06-2024,1.151,08 EUR
07-06-2024,1.144,76 EUR
06-06-2024,1.141,43 EUR
05-06-2024,1.138,36 EUR
04-06-2024,1.117,66 EUR
03-06-2024,1.116,10 EUR
31-05-2024,1.115,44 EUR
30-05-2024,1.115,62 EUR
29-05-2024,1.125,55 EUR
28-05-2024,1.13,30 EUR
27-05-2024,1.132,46 EUR
24-05-2024,1.131,50 EUR
23-05-2024,1.13,50 EUR
22-05-2024,1.132,44 EUR
21-05-2024,1.131,52 EUR
17-05-2024,1.126,48 EUR
16-05-2024,1.129,53 EUR
15-05-2024,1.132,06 EUR
14-05-2024,1.119,12 EUR
13-05-2024,1.118,01 EUR
10-05-2024,1.121,64 EUR
08-05-2024,1.114,21 EUR
07-05-2024,1.112,53 EUR
06-05-2024,1.106,61 EUR
03-05-2024,1.098,87 EUR
02-05-2024,1.089,94 EUR
30-04-2024,1.091,52 EUR
29-04-2024,1.106,98 EUR
26-04-2024,1.111,87 EUR
25-04-2024,1.09,11 EUR
24-04-2024,1.099,25 EUR
23-04-2024,1.097,66 EUR
22-04-2024,1.089,36 EUR
19-04-2024,1.082,55 EUR
18-04-2024,1.093,74 EUR
17-04-2024,1.099,94 EUR
16-04-2024,1.108,34 EUR
15-04-2024,1.112,87 EUR
12-04-2024,1.121,15 EUR
11-04-2024,1.126,18 EUR
10-04-2024,1.116,01 EUR
09-04-2024,1.115,47 EUR
08-04-2024,1.115,08 EUR
05-04-2024,1.115,44 EUR
04-04-2024,1.106,21 EUR
03-04-2024,1.117,33 EUR
02-04-2024,1.12,71 EUR
28-03-2024,1.128,61 EUR
27-03-2024,1.125,36 EUR
26-03-2024,1.122,16 EUR
25-03-2024,1.123,60 EUR
22-03-2024,1.128,94 EUR
21-03-2024,1.132,07 EUR
20-03-2024,1.127,66 EUR
19-03-2024,1.122,79 EUR
18-03-2024,1.115,24 EUR
15-03-2024,1.11,50 EUR
14-03-2024,1.122,90 EUR
13-03-2024,1.118,82 EUR
12-03-2024,1.122,98 EUR
11-03-2024,1.108,88 EUR
08-03-2024,1.112,73 EUR
07-03-2024,1.118,80 EUR
06-03-2024,1.106,09 EUR
05-03-2024,1.101,40 EUR
04-03-2024,1.118,16 EUR
01-03-2024,1.12,97 EUR
29-02-2024,1.111,92 EUR
28-02-2024,1.107,94 EUR
27-02-2024,1.111,12 EUR
26-02-2024,1.111,44 EUR
23-02-2024,1.115,52 EUR
22-02-2024,1.115,06 EUR
21-02-2024,1.09,93 EUR
20-02-2024,1.088,68 EUR
19-02-2024,1.097,93 EUR
16-02-2024,1.097,80 EUR
15-02-2024,1.096,55 EUR
14-02-2024,1.094,14 EUR
13-02-2024,1.084,07 EUR
12-02-2024,1.097,71 EUR
09-02-2024,1.095,31 EUR
08-02-2024,1.09,44 EUR
07-02-2024,1.089,70 EUR
06-02-2024,1.085,07 EUR
05-02-2024,1.082,51 EUR
02-02-2024,1.079,01 EUR
01-02-2024,1.069,40 EUR
31-01-2024,1.055,46 EUR
30-01-2024,1.067,73 EUR
29-01-2024,1.066,94 EUR
26-01-2024,1.054,58 EUR
25-01-2024,1.052,52 EUR
24-01-2024,1.04,91 EUR
23-01-2024,1.037,94 EUR
22-01-2024,1.034,05 EUR
19-01-2024,1.028,77 EUR
18-01-2024,1.022,26 EUR
17-01-2024,1.011,61 EUR
16-01-2024,1.017,19 EUR
15-01-2024,1.013,45 EUR
12-01-2024,1.015,96 EUR
11-01-2024,1.012,62 EUR
10-01-2024,1.011,01 EUR
09-01-2024,1.008,66 EUR
08-01-2024,1.005,35 EUR
05-01-2024,993,07 EUR
04-01-2024,999,39 EUR
03-01-2024,1.003,16 EUR
02-01-2024,1.014,14 EUR
29-12-2023,1.018,41 EUR
28-12-2023,1.016,86 EUR
27-12-2023,1.015,46 EUR
22-12-2023,1.018,16 EUR
21-12-2023,1.021,80 EUR
20-12-2023,1.016,52 EUR
19-12-2023,1.021,28 EUR
18-12-2023,1.02,74 EUR
15-12-2023,1.02,67 EUR
14-12-2023,1.014,15 EUR
13-12-2023,1.019,07 EUR
12-12-2023,1.012,07 EUR
11-12-2023,1.009,39 EUR
08-12-2023,1.001,81 EUR
07-12-2023,996,30 EUR
06-12-2023,992,67 EUR
05-12-2023,992,28 EUR
04-12-2023,989,35 EUR
01-12-2023,993,72 EUR
30-11-2023,983,70 EUR
29-11-2023,979,85 EUR
28-11-2023,976,42 EUR
27-11-2023,981,36 EUR
24-11-2023,982,82 EUR
23-11-2023,983,78 EUR
22-11-2023,985,27 EUR
21-11-2023,976,58 EUR
20-11-2023,975,60 EUR
17-11-2023,975,81 EUR
16-11-2023,975,81 EUR
15-11-2023,977,13 EUR
14-11-2023,973,80 EUR
13-11-2023,965,87 EUR
10-11-2023,965,97 EUR
09-11-2023,960,35 EUR
08-11-2023,961,79 EUR
07-11-2023,958,74 EUR
06-11-2023,951,58 EUR
03-11-2023,951,66 EUR
02-11-2023,949,74 EUR
31-10-2023,928,29 EUR
30-10-2023,917,92 EUR
27-10-2023,912,95 EUR
26-10-2023,915,95 EUR
25-10-2023,923,38 EUR
24-10-2023,932,66 EUR
23-10-2023,925,85 EUR
20-10-2023,928,51 EUR
19-10-2023,940,55 EUR
18-10-2023,946,22 EUR
17-10-2023,955,80 EUR
16-10-2023,957,38 EUR
13-10-2023,953,63 EUR
12-10-2023,958,02 EUR
11-10-2023,956,76 EUR
10-10-2023,960,24 EUR
09-10-2023,951,81 EUR
06-10-2023,952,83 EUR
05-10-2023,943,25 EUR
04-10-2023,945,49 EUR
03-10-2023,941,19 EUR
02-10-2023,950,46 EUR
29-09-2023,947,75 EUR
28-09-2023,946,11 EUR
27-09-2023,943,56 EUR
26-09-2023,940,80 EUR
25-09-2023,951,77 EUR
22-09-2023,948,39 EUR
21-09-2023,949,36 EUR
20-09-2023,962,34 EUR
19-09-2023,966,88 EUR
18-09-2023,971,62 EUR
15-09-2023,973,95 EUR
14-09-2023,979,70 EUR
13-09-2023,969,28 EUR
12-09-2023,969,35 EUR
11-09-2023,975,74 EUR
07-09-2023,976,32 EUR
06-09-2023,980,86 EUR
05-09-2023,986,70 EUR
04-09-2023,988,32 EUR
01-09-2023,986,91 EUR
31-08-2023,981,57 EUR
30-08-2023,980,27 EUR
29-08-2023,982,01 EUR
28-08-2023,971,71 EUR
25-08-2023,966,58 EUR
24-08-2023,960,07 EUR
23-08-2023,968,66 EUR
22-08-2023,960,47 EUR
21-08-2023,955,85 EUR
18-08-2023,953,69 EUR
17-08-2023,956,22 EUR
16-08-2023,962,99 EUR
14-08-2023,976,85 EUR
11-08-2023,969,84 EUR
10-08-2023,974,90 EUR
09-08-2023,970,80 EUR
08-08-2023,974,80 EUR
07-08-2023,978,69 EUR
04-08-2023,973,71 EUR
03-08-2023,976,82 EUR
02-08-2023,982,33 EUR
01-08-2023,992,86 EUR
31-07-2023,995,73 EUR
28-07-2023,994,06 EUR
27-07-2023,990,31 EUR
26-07-2023,984,94 EUR
25-07-2023,988,46 EUR
24-07-2023,981,12 EUR
21-07-2023,978,39 EUR
20-07-2023,970,55 EUR
19-07-2023,975,27 EUR
18-07-2023,973,99 EUR
17-07-2023,971,12 EUR
14-07-2023,974,88 EUR
13-07-2023,973,33 EUR
12-07-2023,969,88 EUR
11-07-2023,964,84 EUR
10-07-2023,960,27 EUR
07-07-2023,958,07 EUR
06-07-2023,964,20 EUR
05-07-2023,978,82 EUR
04-07-2023,981,24 EUR
03-07-2023,979,75 EUR
30-06-2023,982,38 EUR
29-06-2023,973,57 EUR
28-06-2023,970,40 EUR
27-06-2023,962,37 EUR
26-06-2023,960,56 EUR
22-06-2023,966,97 EUR
21-06-2023,963,76 EUR
20-06-2023,971,59 EUR
19-06-2023,977,61 EUR
16-06-2023,982,53 EUR
15-06-2023,984,19 EUR
14-06-2023,982,63 EUR
13-06-2023,979,98 EUR
12-06-2023,976,51 EUR
09-06-2023,968,56 EUR
08-06-2023,967,48 EUR
07-06-2023,970,04 EUR
06-06-2023,976,89 EUR
05-06-2023,974,20 EUR
02-06-2023,977,31 EUR
01-06-2023,964,29 EUR
31-05-2023,961,34 EUR
30-05-2023,965,70 EUR
26-05-2023,971,27 EUR
25-05-2023,956,30 EUR
24-05-2023,948,85 EUR
23-05-2023,957,99 EUR
22-05-2023,970,47 EUR
19-05-2023,971,28 EUR
17-05-2023,957,59 EUR
16-05-2023,951,47 EUR
15-05-2023,954,88 EUR
12-05-2023,953,15 EUR
11-05-2023,951,60 EUR
10-05-2023,947,15 EUR
08-05-2023,948,10 EUR
05-05-2023,946,18 EUR
04-05-2023,934,91 EUR
03-05-2023,936,85 EUR
02-05-2023,942,91 EUR
28-04-2023,950,62 EUR
27-04-2023,944,62 EUR
26-04-2023,933,96 EUR
25-04-2023,939,70 EUR
24-04-2023,953,40 EUR
21-04-2023,956,07 EUR
20-04-2023,953,25 EUR
19-04-2023,954,04 EUR
18-04-2023,954,67 EUR
17-04-2023,954,32 EUR
13-04-2023,947,69 EUR
12-04-2023,939,13 EUR
11-04-2023,943,16 EUR
06-04-2023,939,99 EUR
05-04-2023,939,88 EUR
04-04-2023,944,54 EUR
03-04-2023,950,62 EUR
31-03-2023,951,38 EUR
30-03-2023,938,51 EUR
29-03-2023,935,80 EUR
28-03-2023,925,48 EUR
27-03-2023,930,78 EUR
24-03-2023,929,74 EUR
23-03-2023,930,33 EUR
22-03-2023,930,21 EUR
21-03-2023,934,64 EUR
20-03-2023,928,48 EUR
17-03-2023,927,72 EUR
16-03-2023,934,03 EUR
15-03-2023,923,04 EUR
14-03-2023,927,72 EUR
13-03-2023,912,31 EUR
10-03-2023,922,24 EUR
09-03-2023,942,78 EUR
08-03-2023,949,21 EUR
07-03-2023,948,06 EUR
06-03-2023,954,06 EUR
03-03-2023,956,31 EUR
02-03-2023,942,03 EUR
01-03-2023,932,58 EUR
28-02-2023,939,93 EUR
27-02-2023,941,15 EUR
24-02-2023,936,76 EUR
23-02-2023,946,66 EUR
22-02-2023,942,63 EUR
21-02-2023,943,55 EUR
20-02-2023,955,05 EUR
17-02-2023,955,78 EUR
16-02-2023,961,38 EUR
15-02-2023,964,61 EUR
14-02-2023,958,86 EUR
13-02-2023,961,70 EUR
10-02-2023,952,26 EUR
09-02-2023,954,84 EUR
08-02-2023,958,07 EUR
07-02-2023,967,09 EUR
06-02-2023,959,67 EUR
03-02-2023,967,13 EUR
02-02-2023,968,01 EUR
01-02-2023,952,03 EUR
31-01-2023,945,79 EUR
30-01-2023,940,90 EUR
27-01-2023,951,29 EUR
26-01-2023,947,91 EUR
25-01-2023,938,45 EUR
24-01-2023,943,43 EUR
23-01-2023,948,38 EUR
20-01-2023,939,66 EUR
19-01-2023,928,95 EUR
18-01-2023,939,36 EUR
17-01-2023,943,64 EUR
16-01-2023,940,17 EUR
13-01-2023,937,45 EUR
12-01-2023,934,28 EUR
11-01-2023,934,77 EUR
10-01-2023,923,99 EUR
09-01-2023,924,33 EUR
06-01-2023,920,17 EUR
05-01-2023,910,01 EUR
04-01-2023,913,88 EUR
03-01-2023,904,01 EUR
02-01-2023,896,82 EUR
30-12-2022,890,40 EUR
29-12-2022,897,63 EUR
28-12-2022,888,11 EUR
27-12-2022,892,13 EUR
23-12-2022,892,50 EUR
22-12-2022,892,38 EUR
21-12-2022,903,74 EUR
20-12-2022,888,26 EUR
19-12-2022,891,53 EUR
16-12-2022,895,96 EUR
15-12-2022,905,58 EUR
14-12-2022,933,40 EUR
13-12-2022,937,33 EUR
12-12-2022,928,91 EUR
09-12-2022,924,77 EUR
08-12-2022,925,93 EUR
07-12-2022,923,65 EUR
06-12-2022,927,57 EUR
05-12-2022,935,06 EUR
02-12-2022,947,67 EUR
01-12-2022,948,96 EUR
30-11-2022,951,03 EUR
29-11-2022,929,19 EUR
28-11-2022,933,61 EUR
25-11-2022,942,73 EUR
24-11-2022,943,31 EUR
23-11-2022,944,51 EUR
22-11-2022,941,07 EUR
21-11-2022,934,28 EUR
18-11-2022,935,06 EUR
17-11-2022,930,54 EUR
16-11-2022,930,89 EUR
15-11-2022,942,14 EUR
14-11-2022,936,90 EUR
11-11-2022,942,97 EUR
10-11-2022,937,41 EUR
09-11-2022,901,26 EUR
08-11-2022,911,13 EUR
07-11-2022,907,02 EUR
04-11-2022,906,46 EUR
03-11-2022,894,36 EUR
02-11-2022,900,17 EUR
31-10-2022,918,04 EUR
28-10-2022,919,08 EUR
27-10-2022,914,04 EUR
26-10-2022,915,62 EUR
25-10-2022,921,73 EUR
24-10-2022,910,11 EUR
21-10-2022,904,33 EUR
20-10-2022,897,57 EUR
19-10-2022,902,09 EUR
18-10-2022,902,64 EUR
17-10-2022,898,33 EUR
14-10-2022,885,28 EUR
13-10-2022,894,91 EUR
12-10-2022,885,16 EUR
11-10-2022,885,47 EUR
10-10-2022,895,40 EUR
07-10-2022,898,86 EUR
06-10-2022,917,57 EUR
05-10-2022,921,92 EUR
04-10-2022,918,31 EUR
03-10-2022,897,94 EUR
30-09-2022,885,81 EUR
29-09-2022,889,17 EUR
28-09-2022,907,67 EUR
27-09-2022,898,59 EUR
26-09-2022,900,84 EUR
23-09-2022,901,22 EUR
22-09-2022,909,10 EUR
21-09-2022,921,82 EUR
20-09-2022,918,10 EUR
19-09-2022,925,81 EUR
16-09-2022,923,46 EUR
15-09-2022,935,81 EUR
14-09-2022,944,39 EUR
13-09-2022,945,23 EUR
12-09-2022,967,30 EUR
09-09-2022,959,88 EUR
08-09-2022,951,60 EUR
07-09-2022,945,31 EUR
06-09-2022,940,97 EUR
05-09-2022,941,56 EUR
02-09-2022,940,65 EUR
01-09-2022,941,39 EUR
31-08-2022,942,01 EUR
30-08-2022,953,43 EUR
29-08-2022,960,93 EUR
26-08-2022,967,33 EUR
25-08-2022,995,44 EUR
24-08-2022,983,81 EUR
23-08-2022,981,98 EUR
22-08-2022,986,26 EUR
19-08-2022,999,27 EUR
18-08-2022,1.006,18 EUR
17-08-2022,1.001,27 EUR
16-08-2022,1.008,08 EUR
12-08-2022,1.002,60 EUR
11-08-2022,989,73 EUR
10-08-2022,988,21 EUR
09-08-2022,976,61 EUR
08-08-2022,988,35 EUR
05-08-2022,989,25 EUR
04-08-2022,993,48 EUR
03-08-2022,992,56 EUR
02-08-2022,980,72 EUR
01-08-2022,982,90 EUR
29-07-2022,989,14 EUR
28-07-2022,979,86 EUR
27-07-2022,963,33 EUR
26-07-2022,949,62 EUR
25-07-2022,950,89 EUR
22-07-2022,950,32 EUR
21-07-2022,957,73 EUR
20-07-2022,945,15 EUR
19-07-2022,937,86 EUR
18-07-2022,922,94 EUR
15-07-2022,929,35 EUR
14-07-2022,918,81 EUR
13-07-2022,919,37 EUR
12-07-2022,928,79 EUR
11-07-2022,930,90 EUR
08-07-2022,933,72 EUR
07-07-2022,933,99 EUR
06-07-2022,919,37 EUR
05-07-2022,908,10 EUR
04-07-2022,904,96 EUR
01-07-2022,903,44 EUR
30-06-2022,897,01 EUR
29-06-2022,904,24 EUR
28-06-2022,904,74 EUR
27-06-2022,911,37 EUR
24-06-2022,916,63 EUR
22-06-2022,885,20 EUR
21-06-2022,888,16 EUR
20-06-2022,876,45 EUR
17-06-2022,878,50 EUR
16-06-2022,876,78 EUR
15-06-2022,905,82 EUR
14-06-2022,894,43 EUR
13-06-2022,901,90 EUR
10-06-2022,923,65 EUR
09-06-2022,943,35 EUR
08-06-2022,956,63 EUR
07-06-2022,964,05 EUR
03-06-2022,955,21 EUR
02-06-2022,964,89 EUR
01-06-2022,952,19 EUR
31-05-2022,960,75 EUR
30-05-2022,962,87 EUR
27-05-2022,961,03 EUR
25-05-2022,930,21 EUR
24-05-2022,925,01 EUR
23-05-2022,937,53 EUR
20-05-2022,927,86 EUR
19-05-2022,925,43 EUR
18-05-2022,934,73 EUR
17-05-2022,955,62 EUR
16-05-2022,948,92 EUR
13-05-2022,954,95 EUR
12-05-2022,932,18 EUR
11-05-2022,929,37 EUR
10-05-2022,928,61 EUR
06-05-2022,953,76 EUR
05-05-2022,973,10 EUR
04-05-2022,995,35 EUR
03-05-2022,984,02 EUR
02-05-2022,984,26 EUR
29-04-2022,990,45 EUR
28-04-2022,1.008,48 EUR
27-04-2022,988,67 EUR
26-04-2022,978,46 EUR
25-04-2022,993,93 EUR
22-04-2022,995,79 EUR
21-04-2022,1.022,73 EUR
20-04-2022,1.03,12 EUR
19-04-2022,1.028,76 EUR
14-04-2022,1.021,26 EUR
13-04-2022,1.023,70 EUR
12-04-2022,1.015,87 EUR
11-04-2022,1.018,04 EUR
08-04-2022,1.039,04 EUR
07-04-2022,1.036,69 EUR
06-04-2022,1.034,28 EUR
05-04-2022,1.053,63 EUR
04-04-2022,1.059,42 EUR
01-04-2022,1.047,75 EUR
31-03-2022,1.039,81 EUR
30-03-2022,1.049,27 EUR
29-03-2022,1.061,21 EUR
28-03-2022,1.048,66 EUR
25-03-2022,1.04,88 EUR
24-03-2022,1.039,99 EUR
23-03-2022,1.033,64 EUR
22-03-2022,1.045,98 EUR
21-03-2022,1.033,07 EUR
18-03-2022,1.036,55 EUR
17-03-2022,1.017,55 EUR
16-03-2022,1.013,71 EUR
15-03-2022,979,85 EUR
14-03-2022,966,82 EUR
11-03-2022,972,30 EUR
10-03-2022,977,14 EUR
09-03-2022,986,47 EUR
08-03-2022,962,67 EUR
07-03-2022,977,51 EUR
04-03-2022,1.001,26 EUR
03-03-2022,1.017,93 EUR
02-03-2022,1.026,18 EUR
01-03-2022,1.01,67 EUR
28-02-2022,1.021,52 EUR
25-02-2022,1.023,29 EUR
24-02-2022,1.008,16 EUR
23-02-2022,995,40 EUR
22-02-2022,1.004,36 EUR
21-02-2022,1.006,98 EUR
18-02-2022,1.015,71 EUR
17-02-2022,1.023,51 EUR
16-02-2022,1.038,88 EUR
15-02-2022,1.038,12 EUR
14-02-2022,1.025,94 EUR
11-02-2022,1.029,19 EUR
10-02-2022,1.047,55 EUR
09-02-2022,1.062,83 EUR
08-02-2022,1.046,06 EUR
07-02-2022,1.044,80 EUR
04-02-2022,1.045,80 EUR
03-02-2022,1.045,79 EUR
02-02-2022,1.08,12 EUR
01-02-2022,1.074,76 EUR
31-01-2022,1.067,88 EUR
28-01-2022,1.05,61 EUR
27-01-2022,1.034,82 EUR
26-01-2022,1.031,72 EUR
25-01-2022,1.024,99 EUR
24-01-2022,1.034,27 EUR
21-01-2022,1.047,57 EUR
20-01-2022,1.068,71 EUR
19-01-2022,1.07,72 EUR
18-01-2022,1.078,07 EUR
17-01-2022,1.094,86 EUR
14-01-2022,1.089,37 EUR
13-01-2022,1.097,11 EUR
12-01-2022,1.117,70 EUR
11-01-2022,1.113,41 EUR
10-01-2022,1.103,13 EUR
07-01-2022,1.114,07 EUR
06-01-2022,1.127,41 EUR
05-01-2022,1.137,39 EUR
04-01-2022,1.155,94 EUR
03-01-2022,1.16,28 EUR
31-12-2021,1.154,51 EUR
30-12-2021,1.16,12 EUR
29-12-2021,1.162,25 EUR
28-12-2021,1.164,94 EUR
27-12-2021,1.164,30 EUR
23-12-2021,1.154,10 EUR
22-12-2021,1.144,86 EUR
21-12-2021,1.135,14 EUR
20-12-2021,1.115,35 EUR
17-12-2021,1.127,89 EUR
16-12-2021,1.139,27 EUR
15-12-2021,1.147,72 EUR
14-12-2021,1.131,33 EUR
13-12-2021,1.146,21 EUR
10-12-2021,1.153,07 EUR
09-12-2021,1.151,63 EUR
08-12-2021,1.155,74 EUR
07-12-2021,1.161,22 EUR
06-12-2021,1.126,64 EUR
03-12-2021,1.119,17 EUR
02-12-2021,1.126,63 EUR
01-12-2021,1.122,61 EUR
30-11-2021,1.126,22 EUR
29-11-2021,1.14,41 EUR
26-11-2021,1.121,55 EUR
25-11-2021,1.156,25 EUR
24-11-2021,1.154,56 EUR
23-11-2021,1.147,86 EUR
22-11-2021,1.16,52 EUR
19-11-2021,1.166,13 EUR
18-11-2021,1.164,79 EUR
17-11-2021,1.162,74 EUR
16-11-2021,1.161,58 EUR
15-11-2021,1.15,68 EUR
12-11-2021,1.149,07 EUR
11-11-2021,1.137,52 EUR
10-11-2021,1.132,32 EUR
09-11-2021,1.136,61 EUR
08-11-2021,1.138,15 EUR
05-11-2021,1.137,88 EUR
04-11-2021,1.137,24 EUR
03-11-2021,1.121,79 EUR
02-11-2021,1.117,57 EUR
29-10-2021,1.113,62 EUR
28-10-2021,1.102,98 EUR
27-10-2021,1.101,52 EUR
26-10-2021,1.102,48 EUR
25-10-2021,1.095,17 EUR
22-10-2021,1.091,98 EUR
21-10-2021,1.088,80 EUR
20-10-2021,1.086,49 EUR
19-10-2021,1.087,33 EUR
18-10-2021,1.084,29 EUR
15-10-2021,1.083,01 EUR
14-10-2021,1.075,27 EUR
13-10-2021,1.06,17 EUR
12-10-2021,1.056,29 EUR
11-10-2021,1.056,70 EUR
08-10-2021,1.059,29 EUR
07-10-2021,1.065,06 EUR
06-10-2021,1.051,15 EUR
05-10-2021,1.048,57 EUR
04-10-2021,1.035,50 EUR
01-10-2021,1.051,85 EUR
30-09-2021,1.045,63 EUR
29-09-2021,1.048,50 EUR
28-09-2021,1.047,00 EUR
27-09-2021,1.07,75 EUR
24-09-2021,1.079,71 EUR
23-09-2021,1.083,09 EUR
22-09-2021,1.071,63 EUR
21-09-2021,1.062,55 EUR
20-09-2021,1.057,07 EUR
17-09-2021,1.075,11 EUR
16-09-2021,1.081,93 EUR
15-09-2021,1.077,44 EUR
14-09-2021,1.078,93 EUR
13-09-2021,1.078,53 EUR
10-09-2021,1.079,26 EUR
09-09-2021,1.083,34 EUR
08-09-2021,1.087,90 EUR
07-09-2021,1.091,16 EUR
06-09-2021,1.092,24 EUR
03-09-2021,1.086,57 EUR
02-09-2021,1.088,69 EUR
01-09-2021,1.087,39 EUR
31-08-2021,1.084,67 EUR
30-08-2021,1.086,67 EUR
27-08-2021,1.08,93 EUR
26-08-2021,1.076,33 EUR
25-08-2021,1.079,57 EUR
24-08-2021,1.078,12 EUR
23-08-2021,1.075,26 EUR
20-08-2021,1.066,79 EUR
19-08-2021,1.06,01 EUR
18-08-2021,1.064,38 EUR
17-08-2021,1.072,53 EUR
16-08-2021,1.074,57 EUR
13-08-2021,1.074,45 EUR
12-08-2021,1.075,25 EUR
11-08-2021,1.07,95 EUR
10-08-2021,1.071,14 EUR
09-08-2021,1.07,73 EUR
06-08-2021,1.07,00 EUR
05-08-2021,1.065,71 EUR
04-08-2021,1.058,70 EUR
03-08-2021,1.055,67 EUR
02-08-2021,1.051,84 EUR
30-07-2021,1.05,92 EUR
29-07-2021,1.054,55 EUR
28-07-2021,1.054,35 EUR
27-07-2021,1.046,83 EUR
26-07-2021,1.055,74 EUR
23-07-2021,1.061,99 EUR
22-07-2021,1.05,54 EUR
21-07-2021,1.042,31 EUR
20-07-2021,1.034,14 EUR
19-07-2021,1.021,80 EUR
16-07-2021,1.039,46 EUR
15-07-2021,1.045,93 EUR
14-07-2021,1.05,34 EUR
13-07-2021,1.047,47 EUR
12-07-2021,1.041,53 EUR
09-07-2021,1.036,10 EUR
08-07-2021,1.027,48 EUR
07-07-2021,1.043,73 EUR
06-07-2021,1.036,45 EUR
05-07-2021,1.034,74 EUR
02-07-2021,1.035,59 EUR
01-07-2021,1.028,98 EUR
30-06-2021,1.026,60 EUR
29-06-2021,1.028,94 EUR
28-06-2021,1.024,13 EUR
25-06-2021,1.022,55 EUR
24-06-2021,1.019,05 EUR
22-06-2021,1.014,51 EUR
21-06-2021,1.007,12 EUR
18-06-2021,1.002,42 EUR
17-06-2021,1.007,59 EUR
16-06-2021,993,01 EUR
15-06-2021,994,39 EUR
14-06-2021,995,67 EUR
11-06-2021,991,78 EUR
10-06-2021,985,07 EUR
09-06-2021,978,56 EUR
08-06-2021,979,05 EUR
07-06-2021,978,65 EUR
04-06-2021,980,97 EUR
03-06-2021,975,96 EUR
02-06-2021,976,21 EUR
01-06-2021,972,56 EUR
31-05-2021,971,12 EUR
28-05-2021,974,56 EUR
27-05-2021,968,87 EUR
26-05-2021,967,25 EUR
25-05-2021,966,07 EUR
21-05-2021,956,54 EUR
20-05-2021,954,06 EUR
19-05-2021,942,40 EUR
18-05-2021,947,33 EUR
17-05-2021,952,13 EUR
14-05-2021,954,02 EUR
12-05-2021,939,07 EUR
11-05-2021,947,72 EUR
10-05-2021,959,93 EUR
07-05-2021,970,42 EUR
06-05-2021,968,33 EUR
05-05-2021,967,76 EUR
04-05-2021,960,64 EUR
03-05-2021,968,04 EUR
30-04-2021,971,65 EUR
29-04-2021,979,11 EUR
28-04-2021,979,31 EUR
27-04-2021,980,95 EUR
26-04-2021,981,71 EUR
23-04-2021,980,08 EUR
22-04-2021,973,11 EUR
21-04-2021,972,61 EUR
20-04-2021,961,24 EUR
19-04-2021,972,56 EUR
16-04-2021,979,71 EUR
15-04-2021,975,47 EUR
14-04-2021,966,80 EUR
13-04-2021,969,14 EUR
12-04-2021,966,99 EUR
09-04-2021,972,17 EUR
08-04-2021,964,85 EUR
07-04-2021,958,83 EUR
06-04-2021,964,04 EUR
01-04-2021,957,37 EUR
31-03-2021,944,67 EUR
30-03-2021,942,73 EUR
29-03-2021,939,47 EUR
26-03-2021,937,39 EUR
25-03-2021,921,33 EUR
24-03-2021,921,37 EUR
23-03-2021,922,52 EUR
22-03-2021,924,31 EUR
19-03-2021,920,64 EUR
18-03-2021,924,59 EUR
17-03-2021,932,57 EUR
16-03-2021,933,56 EUR
15-03-2021,928,27 EUR
12-03-2021,925,67 EUR
11-03-2021,930,07 EUR
10-03-2021,918,42 EUR
09-03-2021,914,08 EUR
08-03-2021,902,54 EUR
05-03-2021,905,40 EUR
04-03-2021,894,74 EUR
03-03-2021,908,68 EUR
02-03-2021,915,70 EUR
01-03-2021,921,63 EUR
26-02-2021,896,73 EUR
25-02-2021,904,76 EUR
24-02-2021,923,88 EUR
23-02-2021,919,00 EUR
22-02-2021,921,94 EUR
19-02-2021,934,15 EUR
18-02-2021,936,27 EUR
17-02-2021,945,37 EUR
16-02-2021,946,83 EUR
15-02-2021,944,75 EUR
12-02-2021,941,02 EUR
11-02-2021,933,92 EUR
10-02-2021,928,88 EUR
09-02-2021,929,06 EUR
08-02-2021,930,57 EUR
05-02-2021,924,75 EUR
04-02-2021,919,39 EUR
03-02-2021,909,89 EUR
02-02-2021,907,84 EUR
01-02-2021,891,74 EUR
29-01-2021,873,04 EUR
28-01-2021,889,16 EUR
27-01-2021,883,65 EUR
26-01-2021,896,42 EUR
25-01-2021,899,82 EUR
22-01-2021,895,83 EUR
21-01-2021,902,35 EUR
20-01-2021,904,23 EUR
19-01-2021,887,75 EUR
18-01-2021,885,98 EUR
15-01-2021,884,58 EUR
14-01-2021,890,67 EUR
13-01-2021,889,82 EUR
12-01-2021,887,93 EUR
11-01-2021,891,43 EUR
08-01-2021,890,57 EUR
07-01-2021,881,95 EUR
06-01-2021,871,86 EUR
05-01-2021,872,02 EUR
04-01-2021,867,17 EUR
31-12-2020,871,36 EUR
30-12-2020,868,62 EUR
29-12-2020,868,79 EUR
28-12-2020,867,11 EUR
23-12-2020,862,90 EUR
22-12-2020,861,33 EUR
21-12-2020,854,42 EUR
18-12-2020,862,09 EUR
17-12-2020,863,98 EUR
16-12-2020,859,93 EUR
15-12-2020,859,47 EUR
14-12-2020,854,88 EUR
11-12-2020,857,60 EUR
10-12-2020,856,18 EUR
09-12-2020,860,01 EUR
08-12-2020,866,97 EUR
07-12-2020,864,38 EUR
04-12-2020,864,96 EUR
03-12-2020,857,61 EUR
02-12-2020,860,29 EUR
01-12-2020,862,53 EUR
30-11-2020,855,69 EUR
27-11-2020,865,03 EUR
26-11-2020,863,16 EUR
25-11-2020,861,42 EUR
24-11-2020,864,33 EUR
23-11-2020,856,02 EUR
20-11-2020,852,08 EUR
19-11-2020,852,03 EUR
18-11-2020,852,05 EUR
17-11-2020,855,31 EUR
16-11-2020,858,57 EUR
13-11-2020,849,44 EUR
12-11-2020,844,06 EUR
11-11-2020,849,48 EUR
10-11-2020,841,12 EUR
09-11-2020,847,63 EUR
06-11-2020,827,67 EUR
05-11-2020,826,89 EUR
04-11-2020,815,84 EUR
03-11-2020,796,49 EUR
02-11-2020,788,50 EUR
30-10-2020,777,88 EUR
29-10-2020,785,05 EUR
28-10-2020,773,21 EUR
27-10-2020,793,55 EUR
26-10-2020,794,86 EUR
23-10-2020,806,62 EUR
22-10-2020,804,04 EUR
21-10-2020,803,64 EUR
20-10-2020,807,67 EUR
19-10-2020,808,07 EUR
16-10-2020,816,37 EUR
15-10-2020,812,34 EUR
14-10-2020,817,87 EUR
13-10-2020,821,33 EUR
12-10-2020,821,61 EUR
09-10-2020,809,48 EUR
08-10-2020,803,37 EUR
07-10-2020,798,05 EUR
06-10-2020,788,19 EUR
05-10-2020,791,89 EUR
02-10-2020,784,49 EUR
01-10-2020,790,50 EUR
30-09-2020,785,95 EUR
29-09-2020,781,37 EUR
28-09-2020,785,89 EUR
25-09-2020,774,60 EUR
24-09-2020,768,13 EUR
23-09-2020,770,60 EUR
22-09-2020,776,79 EUR
21-09-2020,769,07 EUR
18-09-2020,778,40 EUR
17-09-2020,788,58 EUR
16-09-2020,796,53 EUR
15-09-2020,796,64 EUR
14-09-2020,790,26 EUR
11-09-2020,784,66 EUR
10-09-2020,782,33 EUR
09-09-2020,791,85 EUR
08-09-2020,778,44 EUR
07-09-2020,795,09 EUR
04-09-2020,793,80 EUR
03-09-2020,802,14 EUR
02-09-2020,825,61 EUR
01-09-2020,807,50 EUR
31-08-2020,801,58 EUR
28-08-2020,808,59 EUR
27-08-2020,810,10 EUR
26-08-2020,811,47 EUR
25-08-2020,802,90 EUR
24-08-2020,799,87 EUR
21-08-2020,791,66 EUR
20-08-2020,785,05 EUR
19-08-2020,785,69 EUR
18-08-2020,785,90 EUR
17-08-2020,787,50 EUR
14-08-2020,785,80 EUR
13-08-2020,788,85 EUR
12-08-2020,791,02 EUR
11-08-2020,782,50 EUR
10-08-2020,778,22 EUR
07-08-2020,777,76 EUR
06-08-2020,777,62 EUR
05-08-2020,774,40 EUR
04-08-2020,774,70 EUR
03-08-2020,772,44 EUR
31-07-2020,761,70 EUR
30-07-2020,763,33 EUR
29-07-2020,771,81 EUR
28-07-2020,770,76 EUR
27-07-2020,770,74 EUR
24-07-2020,774,04 EUR
23-07-2020,783,52 EUR
22-07-2020,788,13 EUR
21-07-2020,794,72 EUR
20-07-2020,793,76 EUR
17-07-2020,785,92 EUR
16-07-2020,781,96 EUR
15-07-2020,787,49 EUR
14-07-2020,780,93 EUR
13-07-2020,782,39 EUR
10-07-2020,787,00 EUR
09-07-2020,783,13 EUR
08-07-2020,783,17 EUR
07-07-2020,782,14 EUR
06-07-2020,787,14 EUR
03-07-2020,777,72 EUR
02-07-2020,779,08 EUR
01-07-2020,767,93 EUR
30-06-2020,766,07 EUR
29-06-2020,758,17 EUR
26-06-2020,754,34 EUR
25-06-2020,767,82 EUR
24-06-2020,759,24 EUR
22-06-2020,768,57 EUR
19-06-2020,769,35 EUR
18-06-2020,767,84 EUR
17-06-2020,768,02 EUR
16-06-2020,765,89 EUR
15-06-2020,746,99 EUR
12-06-2020,748,63 EUR
11-06-2020,736,67 EUR
10-06-2020,773,72 EUR
09-06-2020,774,56 EUR
08-06-2020,782,45 EUR
05-06-2020,780,52 EUR
04-06-2020,759,71 EUR
03-06-2020,769,57 EUR
02-06-2020,757,01 EUR
29-05-2020,739,87 EUR
28-05-2020,745,70 EUR
27-05-2020,747,28 EUR
26-05-2020,742,50 EUR
25-05-2020,735,21 EUR
22-05-2020,731,53 EUR
20-05-2020,737,67 EUR
19-05-2020,730,38 EUR
18-05-2020,738,75 EUR
15-05-2020,718,22 EUR
14-05-2020,715,69 EUR
13-05-2020,714,49 EUR
12-05-2020,726,96 EUR
11-05-2020,735,54 EUR
08-05-2020,732,54 EUR
07-05-2020,727,98 EUR
06-05-2020,718,17 EUR
05-05-2020,719,66 EUR
04-05-2020,706,12 EUR
30-04-2020,726,87 EUR
29-04-2020,739,64 EUR
28-04-2020,722,09 EUR
27-04-2020,721,35 EUR
24-04-2020,710,87 EUR
23-04-2020,711,19 EUR
22-04-2020,707,08 EUR
21-04-2020,689,97 EUR
20-04-2020,713,29 EUR
17-04-2020,719,06 EUR
16-04-2020,707,62 EUR
15-04-2020,701,63 EUR
14-04-2020,713,80 EUR
09-04-2020,707,48 EUR
08-04-2020,702,42 EUR
07-04-2020,691,21 EUR
06-04-2020,687,57 EUR
03-04-2020,654,37 EUR
02-04-2020,660,65 EUR
01-04-2020,651,72 EUR
31-03-2020,670,04 EUR
30-03-2020,664,76 EUR
27-03-2020,652,94 EUR
26-03-2020,676,00 EUR
25-03-2020,663,20 EUR
24-03-2020,654,40 EUR
23-03-2020,614,07 EUR
20-03-2020,631,84 EUR
19-03-2020,632,49 EUR
18-03-2020,618,62 EUR
17-03-2020,641,69 EUR
16-03-2020,621,93 EUR
13-03-2020,678,84 EUR
12-03-2020,649,55 EUR
11-03-2020,701,88 EUR
10-03-2020,717,08 EUR
09-03-2020,697,62 EUR
06-03-2020,749,24 EUR
05-03-2020,772,39 EUR
04-03-2020,791,62 EUR
03-03-2020,773,06 EUR
02-03-2020,783,34 EUR
28-02-2020,771,19 EUR
27-02-2020,784,01 EUR
26-02-2020,819,06 EUR
25-02-2020,821,28 EUR
24-02-2020,840,04 EUR
21-02-2020,871,10 EUR
20-02-2020,882,54 EUR
19-02-2020,888,51 EUR
18-02-2020,882,06 EUR
17-02-2020,887,23 EUR
14-02-2020,886,64 EUR
13-02-2020,886,54 EUR
12-02-2020,886,49 EUR
11-02-2020,879,83 EUR
10-02-2020,871,75 EUR
07-02-2020,867,94 EUR
06-02-2020,872,13 EUR
05-02-2020,865,62 EUR
04-02-2020,856,03 EUR
03-02-2020,840,68 EUR
31-01-2020,833,94 EUR
30-01-2020,849,10 EUR
29-01-2020,856,24 EUR
28-01-2020,853,19 EUR
27-01-2020,844,98 EUR
24-01-2020,863,56 EUR
23-01-2020,866,15 EUR
22-01-2020,867,74 EUR
21-01-2020,867,04 EUR
20-01-2020,873,08 EUR
17-01-2020,873,09 EUR
16-01-2020,866,88 EUR
15-01-2020,861,72 EUR
14-01-2020,864,57 EUR
13-01-2020,865,22 EUR
10-01-2020,862,90 EUR
09-01-2020,864,52 EUR
08-01-2020,857,72 EUR
07-01-2020,854,99 EUR
06-01-2020,850,29 EUR
03-01-2020,853,58 EUR
02-01-2020,857,37 EUR
31-12-2019,845,93 EUR
30-12-2019,847,47 EUR
27-12-2019,852,80 EUR
23-12-2019,851,79 EUR
20-12-2019,850,94 EUR
19-12-2019,846,63 EUR
18-12-2019,845,20 EUR
17-12-2019,844,43 EUR
16-12-2019,844,30 EUR
13-12-2019,839,87 EUR
12-12-2019,838,20 EUR
11-12-2019,831,43 EUR
10-12-2019,827,62 EUR
09-12-2019,828,09 EUR
06-12-2019,830,43 EUR
05-12-2019,821,07 EUR
04-12-2019,819,27 EUR
03-12-2019,812,90 EUR
02-12-2019,817,08 EUR
29-11-2019,824,75 EUR
28-11-2019,829,68 EUR
27-11-2019,830,52 EUR
26-11-2019,827,27 EUR
25-11-2019,825,50 EUR
22-11-2019,817,92 EUR
21-11-2019,814,10 EUR
20-11-2019,815,59 EUR
19-11-2019,818,21 EUR
18-11-2019,818,38 EUR
15-11-2019,820,34 EUR
14-11-2019,815,51 EUR
13-11-2019,816,51 EUR
12-11-2019,819,19 EUR
11-11-2019,815,41 EUR
08-11-2019,818,48 EUR
07-11-2019,818,26 EUR
06-11-2019,813,70 EUR
05-11-2019,813,64 EUR
04-11-2019,807,96 EUR
31-10-2019,795,60 EUR
30-10-2019,798,82 EUR
29-10-2019,798,74 EUR
28-10-2019,799,22 EUR
25-10-2019,794,08 EUR
24-10-2019,793,42 EUR
23-10-2019,789,37 EUR
22-10-2019,786,96 EUR
21-10-2019,787,99 EUR
18-10-2019,784,00 EUR
17-10-2019,786,48 EUR
16-10-2019,786,08 EUR
15-10-2019,788,50 EUR
14-10-2019,780,84 EUR
11-10-2019,781,95 EUR
10-10-2019,772,80 EUR
09-10-2019,770,08 EUR
08-10-2019,766,11 EUR
07-10-2019,775,01 EUR
04-10-2019,776,03 EUR
03-10-2019,767,91 EUR
02-10-2019,765,61 EUR
01-10-2019,780,51 EUR
30-09-2019,788,57 EUR
27-09-2019,783,67 EUR
26-09-2019,787,31 EUR
25-09-2019,786,75 EUR
24-09-2019,782,73 EUR
23-09-2019,788,69 EUR
20-09-2019,791,41 EUR
19-09-2019,790,40 EUR
18-09-2019,788,18 EUR
17-09-2019,788,10 EUR
16-09-2019,790,64 EUR
13-09-2019,789,90 EUR
12-09-2019,789,99 EUR
11-09-2019,788,19 EUR
10-09-2019,778,28 EUR
09-09-2019,778,58 EUR
06-09-2019,777,99 EUR
05-09-2019,776,38 EUR
04-09-2019,767,17 EUR
03-09-2019,762,67 EUR
02-09-2019,766,43 EUR
30-08-2019,764,40 EUR
29-08-2019,758,02 EUR
28-08-2019,748,93 EUR
27-08-2019,746,09 EUR
26-08-2019,745,44 EUR
23-08-2019,742,28 EUR
22-08-2019,755,35 EUR
21-08-2019,758,26 EUR
20-08-2019,754,47 EUR
19-08-2019,758,60 EUR
16-08-2019,750,54 EUR
14-08-2019,740,87 EUR
13-08-2019,754,43 EUR
12-08-2019,745,71 EUR
09-08-2019,751,68 EUR
08-08-2019,756,79 EUR
07-08-2019,746,30 EUR
06-08-2019,747,17 EUR
05-08-2019,743,16 EUR
02-08-2019,766,02 EUR
01-08-2019,781,64 EUR
31-07-2019,783,03 EUR
30-07-2019,786,32 EUR
29-07-2019,789,67 EUR
26-07-2019,791,75 EUR
25-07-2019,784,66 EUR
24-07-2019,788,98 EUR
23-07-2019,786,46 EUR
22-07-2019,777,00 EUR
19-07-2019,775,21 EUR
18-07-2019,774,29 EUR
17-07-2019,774,92 EUR
16-07-2019,775,88 EUR
15-07-2019,774,19 EUR
12-07-2019,772,14 EUR
11-07-2019,770,48 EUR
10-07-2019,771,03 EUR
09-07-2019,770,80 EUR
08-07-2019,771,81 EUR
05-07-2019,776,63 EUR
04-07-2019,777,76 EUR
03-07-2019,777,19 EUR
02-07-2019,774,08 EUR
01-07-2019,771,32 EUR
28-06-2019,761,23 EUR
27-06-2019,758,54 EUR
26-06-2019,755,23 EUR
25-06-2019,755,92 EUR
24-06-2019,760,08 EUR
21-06-2019,763,62 EUR
20-06-2019,766,57 EUR
19-06-2019,764,54 EUR
18-06-2019,762,36 EUR
17-06-2019,751,89 EUR
14-06-2019,752,02 EUR
13-06-2019,752,55 EUR
12-06-2019,750,16 EUR
11-06-2019,753,55 EUR
07-06-2019,745,20 EUR
06-06-2019,740,76 EUR
05-06-2019,740,02 EUR
04-06-2019,738,38 EUR
03-06-2019,732,19 EUR
31-05-2019,734,99 EUR
29-05-2019,738,61 EUR
28-05-2019,743,02 EUR
27-05-2019,744,47 EUR
24-05-2019,743,08 EUR
23-05-2019,743,30 EUR
22-05-2019,753,07 EUR
21-05-2019,754,71 EUR
20-05-2019,750,94 EUR
17-05-2019,759,39 EUR
16-05-2019,763,12 EUR
15-05-2019,757,28 EUR
14-05-2019,752,53 EUR
13-05-2019,743,77 EUR
10-05-2019,759,53 EUR
08-05-2019,767,62 EUR
07-05-2019,769,51 EUR
06-05-2019,781,04 EUR
03-05-2019,788,07 EUR
02-05-2019,781,47 EUR
30-04-2019,781,14 EUR
29-04-2019,785,65 EUR
26-04-2019,783,36 EUR
25-04-2019,780,56 EUR
24-04-2019,779,72 EUR
23-04-2019,782,81 EUR
18-04-2019,777,67 EUR
17-04-2019,772,86 EUR
16-04-2019,773,15 EUR
15-04-2019,770,23 EUR
12-04-2019,771,36 EUR
11-04-2019,768,97 EUR
10-04-2019,772,24 EUR
09-04-2019,769,72 EUR
08-04-2019,772,29 EUR
05-04-2019,774,37 EUR
04-04-2019,770,61 EUR
03-04-2019,769,61 EUR
02-04-2019,766,73 EUR
01-04-2019,763,17 EUR
29-03-2019,753,99 EUR
28-03-2019,746,49 EUR
27-03-2019,744,60 EUR
26-03-2019,746,17 EUR
25-03-2019,740,98 EUR
22-03-2019,745,40 EUR
21-03-2019,755,48 EUR
20-03-2019,752,37 EUR
19-03-2019,758,39 EUR
18-03-2019,755,51 EUR
15-03-2019,753,23 EUR
14-03-2019,748,66 EUR
13-03-2019,748,23 EUR
12-03-2019,746,67 EUR
11-03-2019,745,85 EUR
08-03-2019,734,87 EUR
07-03-2019,740,38 EUR
06-03-2019,744,10 EUR
05-03-2019,748,44 EUR
04-03-2019,745,72 EUR
01-03-2019,742,60 EUR
28-02-2019,737,82 EUR
27-02-2019,741,02 EUR
26-02-2019,744,06 EUR
25-02-2019,745,46 EUR
22-02-2019,741,73 EUR
21-02-2019,737,38 EUR
20-02-2019,739,62 EUR
19-02-2019,736,60 EUR
18-02-2019,737,20 EUR
15-02-2019,737,33 EUR
14-02-2019,732,62 EUR
13-02-2019,733,89 EUR
12-02-2019,731,70 EUR
11-02-2019,727,35 EUR
08-02-2019,722,73 EUR
07-02-2019,724,10 EUR
06-02-2019,732,16 EUR
05-02-2019,731,74 EUR
04-02-2019,726,31 EUR
01-02-2019,723,59 EUR
31-01-2019,725,76 EUR
30-01-2019,719,94 EUR
29-01-2019,712,78 EUR
28-01-2019,711,52 EUR
25-01-2019,718,03 EUR
24-01-2019,713,15 EUR
23-01-2019,709,50 EUR
22-01-2019,710,43 EUR
21-01-2019,716,05 EUR
18-01-2019,716,35 EUR
17-01-2019,708,36 EUR
16-01-2019,706,74 EUR
15-01-2019,703,41 EUR
14-01-2019,694,10 EUR
11-01-2019,696,86 EUR
10-01-2019,695,61 EUR
09-01-2019,695,07 EUR
08-01-2019,692,49 EUR
07-01-2019,687,65 EUR
04-01-2019,685,83 EUR
03-01-2019,671,76 EUR
02-01-2019,680,47 EUR
31-12-2018,682,71 EUR
28-12-2018,680,05 EUR
27-12-2018,676,59 EUR
21-12-2018,673,62 EUR
20-12-2018,679,58 EUR
19-12-2018,689,07 EUR
18-12-2018,694,62 EUR
17-12-2018,698,39 EUR
14-12-2018,707,29 EUR
13-12-2018,714,07 EUR
12-12-2018,713,82 EUR
11-12-2018,707,49 EUR
10-12-2018,699,69 EUR
07-12-2018,707,04 EUR
06-12-2018,711,19 EUR
05-12-2018,724,89 EUR
04-12-2018,729,63 EUR
03-12-2018,742,25 EUR
30-11-2018,732,96 EUR
29-11-2018,728,20 EUR
28-11-2018,730,09 EUR
27-11-2018,720,46 EUR
26-11-2018,717,55 EUR
23-11-2018,708,61 EUR
22-11-2018,708,23 EUR
21-11-2018,711,87 EUR
20-11-2018,705,00 EUR
19-11-2018,714,80 EUR
16-11-2018,726,25 EUR
15-11-2018,727,37 EUR
14-11-2018,721,68 EUR
13-11-2018,727,76 EUR
12-11-2018,726,92 EUR
09-11-2018,734,64 EUR
08-11-2018,739,99 EUR
07-11-2018,739,27 EUR
06-11-2018,729,78 EUR
05-11-2018,728,35 EUR
02-11-2018,730,59 EUR
31-10-2018,725,12 EUR
30-10-2018,710,53 EUR
29-10-2018,706,86 EUR
26-10-2018,710,75 EUR
25-10-2018,720,59 EUR
24-10-2018,713,85 EUR
23-10-2018,723,91 EUR
22-10-2018,733,29 EUR
19-10-2018,732,00 EUR
18-10-2018,731,78 EUR
17-10-2018,739,70 EUR
16-10-2018,738,88 EUR
15-10-2018,725,19 EUR
12-10-2018,730,50 EUR
11-10-2018,721,20 EUR
10-10-2018,735,78 EUR
09-10-2018,758,59 EUR
08-10-2018,758,22 EUR
05-10-2018,761,37 EUR
04-10-2018,767,94 EUR
03-10-2018,777,71 EUR
02-10-2018,776,68 EUR
01-10-2018,780,27 EUR
28-09-2018,777,18 EUR
27-09-2018,775,70 EUR
26-09-2018,772,62 EUR
25-09-2018,770,88 EUR
24-09-2018,767,70 EUR
21-09-2018,770,12 EUR
20-09-2018,768,60 EUR
19-09-2018,767,09 EUR
18-09-2018,763,44 EUR
17-09-2018,760,12 EUR
14-09-2018,765,71 EUR
13-09-2018,762,18 EUR
12-09-2018,759,40 EUR
11-09-2018,758,36 EUR
10-09-2018,756,05 EUR
07-09-2018,758,81 EUR
06-09-2018,757,76 EUR
05-09-2018,759,64 EUR
04-09-2018,771,12 EUR
03-09-2018,771,65 EUR
31-08-2018,771,75 EUR
30-08-2018,772,75 EUR
29-08-2018,775,64 EUR
28-08-2018,770,64 EUR
27-08-2018,772,67 EUR
24-08-2018,768,12 EUR
23-08-2018,764,37 EUR
22-08-2018,765,73 EUR
21-08-2018,766,96 EUR
20-08-2018,767,32 EUR
17-08-2018,763,21 EUR
16-08-2018,764,89 EUR
14-08-2018,772,42 EUR
13-08-2018,769,22 EUR
10-08-2018,773,89 EUR
09-08-2018,777,01 EUR
08-08-2018,774,30 EUR
07-08-2018,776,29 EUR
06-08-2018,773,09 EUR
03-08-2018,773,09 EUR
02-08-2018,769,51 EUR
01-08-2018,772,16 EUR
31-07-2018,773,45 EUR
30-07-2018,770,71 EUR
27-07-2018,780,38 EUR
26-07-2018,784,32 EUR
25-07-2018,784,38 EUR
24-07-2018,780,32 EUR
23-07-2018,771,43 EUR
20-07-2018,772,00 EUR
19-07-2018,774,71 EUR
18-07-2018,778,14 EUR
17-07-2018,772,85 EUR
16-07-2018,769,51 EUR
13-07-2018,774,43 EUR
12-07-2018,772,26 EUR
11-07-2018,766,32 EUR
10-07-2018,773,24 EUR
09-07-2018,769,57 EUR
06-07-2018,762,97 EUR
05-07-2018,758,56 EUR
04-07-2018,755,34 EUR
03-07-2018,757,40 EUR
02-07-2018,758,02 EUR
29-06-2018,760,25 EUR
28-06-2018,757,05 EUR
27-06-2018,758,53 EUR
26-06-2018,758,65 EUR
25-06-2018,758,32 EUR
22-06-2018,775,71 EUR
21-06-2018,773,01 EUR
20-06-2018,780,99 EUR
19-06-2018,778,42 EUR
18-06-2018,785,23 EUR
15-06-2018,787,23 EUR
14-06-2018,792,91 EUR
13-06-2018,786,37 EUR
12-06-2018,784,69 EUR
11-06-2018,783,49 EUR
08-06-2018,782,57 EUR
07-06-2018,784,36 EUR
06-06-2018,787,60 EUR
05-06-2018,787,50 EUR
04-06-2018,786,34 EUR
01-06-2018,782,91 EUR
31-05-2018,772,77 EUR
30-05-2018,775,92 EUR
29-05-2018,775,48 EUR
28-05-2018,781,30 EUR
25-05-2018,780,71 EUR
24-05-2018,776,47 EUR
23-05-2018,780,33 EUR
22-05-2018,784,16 EUR
18-05-2018,778,97 EUR
17-05-2018,779,86 EUR
16-05-2018,778,86 EUR
15-05-2018,772,91 EUR
14-05-2018,774,31 EUR
11-05-2018,772,61 EUR
09-05-2018,766,58 EUR
08-05-2018,760,08 EUR
07-05-2018,759,17 EUR
04-05-2018,755,16 EUR
03-05-2018,744,76 EUR
02-05-2018,750,42 EUR
30-04-2018,745,48 EUR
27-04-2018,745,21 EUR
26-04-2018,744,55 EUR
25-04-2018,734,56 EUR
24-04-2018,740,68 EUR
23-04-2018,744,03 EUR
20-04-2018,742,31 EUR
19-04-2018,745,68 EUR
18-04-2018,745,06 EUR
17-04-2018,741,82 EUR
16-04-2018,733,65 EUR
13-04-2018,735,36 EUR
12-04-2018,737,44 EUR
11-04-2018,730,74 EUR
10-04-2018,733,91 EUR
09-04-2018,725,80 EUR
06-04-2018,724,26 EUR
05-04-2018,736,57 EUR
04-04-2018,721,00 EUR
03-04-2018,724,17 EUR
29-03-2018,728,25 EUR
28-03-2018,716,51 EUR
27-03-2018,723,20 EUR
26-03-2018,720,36 EUR
23-03-2018,717,42 EUR
22-03-2018,731,88 EUR
21-03-2018,749,88 EUR
20-03-2018,749,19 EUR
19-03-2018,740,56 EUR
16-03-2018,753,46 EUR
15-03-2018,750,75 EUR
14-03-2018,747,02 EUR
13-03-2018,746,64 EUR
12-03-2018,754,19 EUR
09-03-2018,751,83 EUR
08-03-2018,743,84 EUR
07-03-2018,736,60 EUR
06-03-2018,735,55 EUR
05-03-2018,733,48 EUR
02-03-2018,728,56 EUR
01-03-2018,742,42 EUR
28-02-2018,747,85 EUR
27-02-2018,753,77 EUR
26-02-2018,756,65 EUR
23-02-2018,750,51 EUR
22-02-2018,746,04 EUR
21-02-2018,748,60 EUR
20-02-2018,746,71 EUR
19-02-2018,745,10 EUR
16-02-2018,747,00 EUR
15-02-2018,741,17 EUR
14-02-2018,734,66 EUR
13-02-2018,727,55 EUR
12-02-2018,728,71 EUR
09-02-2018,719,01 EUR
08-02-2018,723,27 EUR
07-02-2018,742,96 EUR
06-02-2018,734,72 EUR
05-02-2018,744,56 EUR
02-02-2018,756,89 EUR
01-02-2018,770,52 EUR
31-01-2018,776,63 EUR
30-01-2018,775,22 EUR
29-01-2018,785,68 EUR
26-01-2018,785,69 EUR
25-01-2018,777,64 EUR
24-01-2018,782,18 EUR
23-01-2018,788,26 EUR
22-01-2018,786,23 EUR
19-01-2018,781,54 EUR
18-01-2018,777,15 EUR
17-01-2018,776,60 EUR
16-01-2018,774,93 EUR
15-01-2018,772,41 EUR
12-01-2018,778,47 EUR
11-01-2018,775,43 EUR
10-01-2018,775,46 EUR
09-01-2018,779,83 EUR
08-01-2018,776,75 EUR
05-01-2018,772,32 EUR
04-01-2018,764,11 EUR
03-01-2018,762,33 EUR
02-01-2018,753,25 EUR
29-12-2017,749,73 EUR
28-12-2017,752,56 EUR
27-12-2017,753,99 EUR
22-12-2017,756,19 EUR
21-12-2017,755,09 EUR
20-12-2017,752,03 EUR
19-12-2017,756,32 EUR
18-12-2017,759,24 EUR
15-12-2017,754,63 EUR
14-12-2017,752,41 EUR
13-12-2017,753,26 EUR
12-12-2017,755,05 EUR
11-12-2017,752,75 EUR
08-12-2017,751,08 EUR
07-12-2017,743,90 EUR
06-12-2017,740,77 EUR
05-12-2017,744,05 EUR
04-12-2017,744,21 EUR
01-12-2017,741,67 EUR
30-11-2017,747,21 EUR
29-11-2017,749,68 EUR
28-11-2017,753,09 EUR
27-11-2017,747,11 EUR
24-11-2017,749,99 EUR
23-11-2017,751,74 EUR
22-11-2017,754,53 EUR
21-11-2017,758,85 EUR
20-11-2017,750,12 EUR
17-11-2017,745,82 EUR
16-11-2017,747,49 EUR
15-11-2017,738,93 EUR
14-11-2017,744,80 EUR
13-11-2017,753,43 EUR
10-11-2017,754,69 EUR
09-11-2017,756,58 EUR
08-11-2017,764,81 EUR
07-11-2017,764,30 EUR
06-11-2017,765,86 EUR
03-11-2017,762,75 EUR
02-11-2017,758,58 EUR
31-10-2017,753,80 EUR
30-10-2017,752,22 EUR
27-10-2017,754,50 EUR
26-10-2017,746,38 EUR
25-10-2017,738,43 EUR
24-10-2017,742,66 EUR
23-10-2017,742,92 EUR
20-10-2017,743,25 EUR
19-10-2017,737,51 EUR
18-10-2017,744,24 EUR
17-10-2017,744,25 EUR
16-10-2017,745,44 EUR
13-10-2017,744,21 EUR
12-10-2017,739,18 EUR
11-10-2017,737,51 EUR
10-10-2017,737,24 EUR
09-10-2017,738,04 EUR
06-10-2017,739,31 EUR
05-10-2017,741,90 EUR
04-10-2017,736,19 EUR
03-10-2017,733,13 EUR
02-10-2017,729,92 EUR
29-09-2017,724,15 EUR
28-09-2017,720,71 EUR
27-09-2017,721,15 EUR
26-09-2017,719,91 EUR
25-09-2017,717,15 EUR
22-09-2017,721,84 EUR
21-09-2017,725,14 EUR
20-09-2017,725,96 EUR
19-09-2017,726,06 EUR
18-09-2017,726,10 EUR
15-09-2017,723,67 EUR
14-09-2017,725,39 EUR
13-09-2017,724,91 EUR
12-09-2017,726,35 EUR
11-09-2017,723,73 EUR
08-09-2017,714,26 EUR
07-09-2017,716,45 EUR
06-09-2017,715,51 EUR
05-09-2017,714,37 EUR
04-09-2017,717,06 EUR
01-09-2017,721,08 EUR
31-08-2017,717,05 EUR
30-08-2017,713,72 EUR
29-08-2017,707,54 EUR
28-08-2017,713,39 EUR
25-08-2017,716,24 EUR
24-08-2017,717,21 EUR
23-08-2017,715,99 EUR
22-08-2017,717,81 EUR
21-08-2017,708,75 EUR
18-08-2017,711,88 EUR
17-08-2017,714,80 EUR
16-08-2017,721,19 EUR
14-08-2017,714,46 EUR
11-08-2017,705,64 EUR
10-08-2017,710,16 EUR
09-08-2017,719,20 EUR
08-08-2017,726,97 EUR
07-08-2017,723,35 EUR
04-08-2017,723,30 EUR
03-08-2017,718,12 EUR
02-08-2017,721,56 EUR
01-08-2017,725,96 EUR
31-07-2017,722,94 EUR
28-07-2017,722,70 EUR
27-07-2017,732,02 EUR
26-07-2017,733,06 EUR
25-07-2017,729,97 EUR
24-07-2017,727,98 EUR
21-07-2017,728,42 EUR
20-07-2017,731,37 EUR
19-07-2017,737,03 EUR
18-07-2017,729,76 EUR
17-07-2017,737,21 EUR
14-07-2017,738,73 EUR
13-07-2017,737,01 EUR
12-07-2017,734,91 EUR
11-07-2017,724,94 EUR
10-07-2017,725,72 EUR
07-07-2017,722,97 EUR
06-07-2017,719,70 EUR
05-07-2017,727,68 EUR
04-07-2017,725,14 EUR
03-07-2017,726,44 EUR
30-06-2017,721,89 EUR
29-06-2017,721,07 EUR
28-06-2017,731,58 EUR
27-06-2017,733,64 EUR
26-06-2017,742,21 EUR
22-06-2017,742,48 EUR
21-06-2017,742,47 EUR
20-06-2017,742,36 EUR
19-06-2017,745,70 EUR
16-06-2017,736,32 EUR
15-06-2017,737,60 EUR
14-06-2017,738,21 EUR
13-06-2017,740,56 EUR
12-06-2017,737,59 EUR
09-06-2017,745,45 EUR
08-06-2017,745,80 EUR
07-06-2017,743,43 EUR
06-06-2017,743,12 EUR
02-06-2017,744,53 EUR
01-06-2017,742,41 EUR
31-05-2017,737,14 EUR
30-05-2017,742,01 EUR
29-05-2017,743,69 EUR
26-05-2017,743,35 EUR
24-05-2017,741,10 EUR
23-05-2017,737,10 EUR
22-05-2017,735,24 EUR
19-05-2017,740,68 EUR
18-05-2017,736,07 EUR
17-05-2017,740,80 EUR
16-05-2017,754,62 EUR
15-05-2017,757,01 EUR
12-05-2017,757,02 EUR
11-05-2017,757,50 EUR
10-05-2017,758,17 EUR
09-05-2017,755,40 EUR
08-05-2017,749,78 EUR
05-05-2017,747,76 EUR
04-05-2017,747,99 EUR
03-05-2017,748,05 EUR
02-05-2017,748,87 EUR
28-04-2017,743,66 EUR
27-04-2017,748,66 EUR
26-04-2017,748,27 EUR
25-04-2017,744,93 EUR
24-04-2017,745,73 EUR
21-04-2017,743,67 EUR
20-04-2017,741,78 EUR
19-04-2017,740,16 EUR
18-04-2017,740,11 EUR
13-04-2017,744,24 EUR
12-04-2017,746,83 EUR
11-04-2017,746,86 EUR
10-04-2017,750,35 EUR
07-04-2017,750,66 EUR
06-04-2017,749,43 EUR
05-04-2017,750,41 EUR
04-04-2017,750,31 EUR
03-04-2017,748,19 EUR
31-03-2017,748,01 EUR
30-03-2017,748,84 EUR
29-03-2017,745,37 EUR
28-03-2017,738,58 EUR
27-03-2017,731,89 EUR
24-03-2017,737,59 EUR
23-03-2017,737,59 EUR
22-03-2017,734,72 EUR
21-03-2017,736,78 EUR
20-03-2017,748,20 EUR
17-03-2017,748,67 EUR
16-03-2017,749,74 EUR
15-03-2017,749,50 EUR
14-03-2017,745,06 EUR
13-03-2017,746,30 EUR
10-03-2017,743,50 EUR
09-03-2017,743,46 EUR
08-03-2017,746,11 EUR
07-03-2017,746,44 EUR
06-03-2017,745,99 EUR
03-03-2017,749,99 EUR
02-03-2017,751,63 EUR
01-03-2017,753,94 EUR
28-02-2017,739,94 EUR
27-02-2017,743,26 EUR
24-02-2017,744,78 EUR
23-02-2017,748,49 EUR
22-02-2017,752,98 EUR
21-02-2017,753,59 EUR
20-02-2017,749,44 EUR
17-02-2017,747,34 EUR
16-02-2017,747,50 EUR
15-02-2017,749,29 EUR
14-02-2017,750,00 EUR
29-01-2017,750,00 EUR
